dni,genero,nombre_y_apellido,nacionalidad,mail
20123456,female,Janine Poultney,Mexican,johnny@gmail.com
28765432,female,Rasia Ivett,Japanese,sarah92@yahoo.com
31987654,female,Gav Peacop,American,mike_the_dude@hotmail.com
39567890,male,Fifine Mahoney,Nigerian,lisa_smiles@gmail.com
21876543,non-binary,Germain Gammack,Indian,david_rockstar@yahoo.com
38210987,male,Gay Sweedy,Kenyan,emily_rose@hotmail.com
41654321,non-binary,Lewie Winsiowiecki,Russian,alex_the_great@gmail.com
28901234,female,Tod Dod,Greek,jessica_23@yahoo.com
39765432,female,Hayes Angove,Spanish,sammy_boy@hotmail.com
20198765,male,Kimbra Garmanson,South African,olivia_rose@gmail.com
38234567,non-binary,Sargent Tiery,Japanese,max_power@yahoo.com
41678901,male,Martyn Standfield,Australian,natalie_89@hotmail.com
29543210,female,Ernesta St Leger,Turkish,brad_the_man@gmail.com
40123456,non-binary,Valentia Grinikhinov,Brazilian,lily_flower@yahoo.com
21876543,female,Othilie Goding,Kenyan,peter_pan@hotmail.com
38765432,male,Estella Williment,Russian,amy_the_artist@gmail.com
41234567,female,Nisse Cord,Dutch,jason_007@yahoo.com
29876543,female,Mallissa Lamburne,South Korean,sophie_star@hotmail.com
40109876,female,Candis Jorck,French,michaelangelo@gmail.com
22543210,male,Adria Camsey,French,jenny_rose@yahoo.com
38765432,male,Jermaine Pyett,Spanish,adam_the_lion@hotmail.com
41234567,male,Tedman Ciani,Swiss,mia_the_gamer@gmail.com
29876543,male,Sherm Schuler,Chinese,luke_skywalker@yahoo.com
40109876,male,Gayel Pendlington,Canadian,graceful_gina@hotmail.com
22543210,male,Gallagher Marini,Egyptian,benjamin_123@gmail.com
38765432,male,Ashley Foystone,Japanese,victoria_queen@yahoo.com
41234567,male,Wilbur Engelmann,Brazilian,charlie_brown@hotmail.com
29876543,female,Adina Ivankovic,Italian,laura_the_writer@gmail.com
40109876,female,Melinde Vanne,Canadian,william_the_wizard@yahoo.com
22543210,non-binary,Myrtice Matczak,Chinese,ava_the_dancer@hotmail.com