nombre,direccion,capacidad
Robel Group,089 Hudson Alley,70
"Beatty, Kuhlman and Spinka",11256 Independence Road,50
"Hudson, Yost and Glover",81454 Fremont Court,89
Ferry-Zieme,8 Fordem Way,14
Wintheiser Inc,7780 Jenna Trail,75
"Doyle, West and Reichert",1349 Westend Street,96
Grimes Group,29 Tennessee Trail,45
Kunde and Sons,5 Continental Way,30
Schinner-Nader,11543 Knutson Street,11
Huels and Sons,751 Summerview Drive,20
Simonis Inc,23 Coolidge Junction,92
Zieme Group,92 2nd Circle,70
"Howell, Hettinger and Wunsch",27860 Moose Parkway,87
O'Hara and Sons,73 Rieder Plaza,88
Funk Group,5619 Lake View Trail,69
Bernhard-Waelchi,4 Summerview Place,34
Predovic Inc,995 Carpenter Terrace,66
"Will, Marks and Kiehn",65333 Hovde Trail,64
O'Keefe-Thiel,5257 Arkansas Trail,88
Ullrich-Jenkins,3 International Road,27
Schultz-Mayert,498 Heffernan Point,51
Oberbrunner-Powlowski,8 Debs Pass,23
Ratke-Abshire,8 Loeprich Plaza,47
"Sauer, Stehr and Hagenes",04 Kropf Point,39
Ferry Inc,54308 Hallows Point,36
Leffler Group,57496 Londonderry Point,80
"Treutel, Emmerich and Boehm",26 Gulseth Hill,9
Mayert-Corkery,3313 Oak Valley Trail,6
"Ebert, Koss and Rice",4094 Sloan Street,6
"McDermott, Koch and Kunde",817 Mcbride Parkway,40